source,scraped_at,url,sku,title,brand,price,currency,original_price,discount_pct,rating,review_count,in_stock,image_url,category,price_source,page,position,gl,hl,developer_id,genre_id,installs,installs_min,installs_exact,content_rating,iap_price_range,offers_iap,rating_raw,review_text_count,histogram_1,histogram_2,histogram_3,histogram_4,histogram_5,version,updated_at,description,developer_email,developer_website,privacy_policy_url,screenshot_count,shelf,shelf_rank,chart_name,chart_rank
play.google.com,2026-09-22T09:50:58.688297+00:00,https://play.google.com/store/apps/details?id=com.google.android.apps.photosgo&hl=en&gl=US,com.google.android.apps.photosgo,Gallery,Google LLC,0.0,USD,,,4.2,,True,https://play-lh.googleusercontent.com/D6U4lgpOifIXSJ_bDGwYqWCfsuc942FenrVUUHOtdlr5O0cNc_yAses2j41C8g4FHbjXfrQHqxtk4_VlMWIuiCk,Photography,listing,1,1,US,en,,,"1,000,000,000+",1000000000,,Everyone,,,4.215932,,,,,,,,,"Meet Gallery, a smart, light and fast photo and video gallery built by Google to help you:

  ✨ Find photos faster with automatic organization
  😎 Look your best with editing tools like auto-enhance
  🏝️ Use less data - works offline, all in a small app size

  AUTOMATIC ORGANIZATION

  Each night, Gallery will automatically organize your photos to group by: People, Selfies, Nature, Animals, Documents, Videos and Movies.
  Gallery helps you stay organized, so you can spend less time scrolling for that photo of your friend or family member, and more time sharing memories with them.*

  AUTO-ENHANCE

  Gallery has easy to use photo editing tools, such as auto-enhance which will make your photos look their best with one-tap.

  FOLDERS AND SD CARD SUPPORT

  Use folders to organize photos in any way you want. All while still being able to view, copy and transfer to and from SD Cards, easily.

  PERFORMANCE

  Gallery comes in a small file size which means even more space for your own photos. All while using less memory on your device - so it won’t slow down your phone.

  WORKS OFFLINE

  Optimized to work offline, Gallery can easily manage and store all your photos and videos without using up all your data.
  *face grouping not currently available in all countries",,,,4,Take better photos,1,,
play.google.com,2026-09-22T09:50:58.688595+00:00,https://play.google.com/store/apps/details?id=com.amazon.clouddrive.photos&hl=en&gl=US,com.amazon.clouddrive.photos,Amazon Photos: Photo & Video,Amazon Mobile LLC,0.0,USD,,,4.7,,True,https://play-lh.googleusercontent.com/rB_nbtBTBuZ1yqOB7wHm15sdNce0MzmPpPxuxmRJ9_1l11PzFzfPhqh_PwQpzbY3ByZF7XVTWMW8Ji1-M2WYIQ,Photography,listing,1,2,US,en,,,"50,000,000+",50000000,,Everyone,$0.99 - $11.99 per item,True,4.714563,,,,,,,,,"Amazon Photos lets you store and share full-resolution photos, keeping favorite moments secure and in the spotlight. Prime members get free prints delivery (US only) and unlimited photo storage (available in US, UK, CA, DE, FR, IT, ES and JP) for a lifetime of memories. Not a Prime member? All Amazon Photos customers have 5 GB full-resolution photo and video storage.

Amazon Photos for all Amazon customers
- Storage: Free 5 GB combined photo and video cloud storage means you keep memories secure while freeing up space in your phone
- Full-resolution: Keep your original image’s resolution: more pixels equal better quality photos and videos
- Display photos on devices: View photo memories on your Echo Show and Fire TV instead of tucked away in a phone or camera. Customize your Fire TV screensaver and Echo Show photo display with family and travel photos.
- Order prints: Consider Amazon Photos a one-stop-shop for turning memories into photo prints, custom gifts, and home décor. Available only in the U.S.
- Secure photos: Back up photos and videos automatically by turning on Auto-Save in Settings
- Alexa: Enjoy many Amazon Photos app features using just your voice on your Echo Show and Fire TV or with the Alexa app on your mobile phone. Try saying, “Alexa, show my photos of sunsets,” or ""Alexa, show photos taken in Sicily.""
- Groups: Privately share and comment on selected photos, videos, and albums with friends and family across devices
- Subscriptions: Expand storage (and cancel any time) with flexible monthly and annual plans starting at $1.99
- Search: Easily locate photos when you search by date or location
- Auto-Save: Enable Auto-Save in Settings to automatically secure every photo and video you take.
- Re-live Memories: View and share photos from this date in years past, whether it’s one year ago or five years ago. See special moments set to music and re-surfaced as a curated slideshow to re-live the good times.
- Privacy: Share photos and albums with friends and family by inviting them to a private Amazon Photos Group. Consolidate photos of special events (vacations, playoffs, parties, graduations) into a single album.

Prime members get all the above PLUS
- Unlimited photo storage
- 5 GB dedicated video storage
- Refined search filtering
- Free prints delivery

Get the app and upload your photos
Upload your photo collection to access memories across all your devices.
Move your existing photo collection from one provider to Amazon Photos in just a few easy steps. Learn more here.

Amazon Photos provides online cloud storage. Easily access pictures stored across devices such as your Fire TV, Echo Show, and Amazon Fire tablet.  Securely store, print, and share photos: Once saved to the cloud, you can safely delete them from your phone to free up space. Safekeeping your photos and videos in the cloud keeps them secure, even if your devices (and the pictures in them) are lost or destroyed. Turn on Auto-Save in Settings to save every photo you take to your Amazon Photos account. Learn more about Amazon Photos security by reading our Terms of Use. Amazon ensures that you have access to customer support 24/7. You can conveniently share images on your app with private groups. From ready-to-frame prints to ready-to-hang wall décor, your memories are ready for display. Shop effortlessly right from the app and create custom keepsakes like wall décor, prints, and wall canvas' for special holidays.

U.S. Customers visit us at:
Learn more about Amazon Photos here",,,,24,Take better photos,2,,
play.google.com,2026-09-22T09:50:58.688807+00:00,https://play.google.com/store/apps/details?id=com.picsart.studio&hl=en&gl=US,com.picsart.studio,"Picsart AI Photo Editor, Video","PicsArt, Inc.",0.0,USD,,,3.9,,True,https://play-lh.googleusercontent.com/wXk_X0uT6AeWv5TFfheHP8NrOmtz17BX-2uEZ7H4naTIzuFpSIfohvQTA4pKOCF71TmeUF3DfMAGq1SlK2hH7Qk,Photography,listing,1,3,US,en,,,"1,000,000,000+",1000000000,,Teen,$0.99 - $219.99 per item,True,3.9410083,,,,,,,,,"Ignite your creative potential with Picsart — the all-in-one AI photo editor, AI video editor, and design studio that’s free and easy to use. From business designs to AI art, go from inspiration to creation fast. Create with an AI photo generator and AI video generator, edit with an AI image editor, remove backgrounds with Background Remover (BG remover), erase objects with Object Remover (Object Eraser), apply AI effects, filters, and retouch tools, and turn ideas into designs with templates, collages, story maker, and more. Create with new image-to-video tools, AI video avatars, AI try-on, AI avatars, Gen AI Studio, AI Playground, and Picsart Persona.

MEET PICSART AURA
Chat your vision into visuals. Built on Picsart’s platform and trusted by 150M+ creators, Aura is your creative partner. From prompt to design in seconds, Aura creates, edits, and refines in one conversation. It suggests prompts, generates AI photos and AI videos, remembers chats, and lets you share sessions.
Aura combines AI models to create and edit AI images and videos. Use Nano Banana™ for image generation and video models like Veo™ (Veo 3), Kling, Runway, and Luma. Availability may vary. Trademarks belong to their owners.

KICK-START PROJECTS WITH TEMPLATES
• Use customizable templates made by professional editors.
• Create logos with AI logo maker, social posts, stories, business cards, posters, and more.

TRANSFORM DESIGNS WITH BACKGROUND REMOVER
• Remove background for clean cutouts and product shots.
• Smart Background blends seamless backdrops — a fast background changer for ads and promos.
• Remove background, refine edges, and create aesthetic styles for photo editor projects.

REMOVE OBJECTS WITH EASE
• Object Remover / Object Eraser deletes unwanted objects.
• Remove clutter and imperfections for a clean photo.

GET CREATIVE WITH AI
• AI Image Generator / AI photo generator: turn text into AI art, images, and GIFs.
• AI video generator: create videos from text, images, or ideas in seconds.
• AI Enhance instantly boosts image quality for better photo retouch.
• Apply stylized AI filters and AI effects to create stunning photo effects in your photo editor workflow.
• AI Replace transforms images with face swaps, hair color changes, and selfie edits.
• AI Retouch perfects portraits with advanced skin, face, and detail enhancements for flawless retouch results.
• AI Expand extends images beyond the frame.
• AI Try-On lets you experiment with outfits and styles instantly.
• AI Writer creates captions, text, and marketing copy for your content needs.
• Upload selfies to generate customized AI avatar in different styles.
• Explore new ideas in AI Playground and create faster with Gen AI Studio.

EDIT VIDEOS LIKE A PRO
• Use the easy video editor to create and edit clips with music.
• Generate and edit videos with AI video tools, effects, text, and trendy filters.
• Turn images into motion with image-to-video tools.
• Create short-form edits that shine on any platform.
• Add your best moments to a video collage.

ADD YOUR FLAVOR WITH THE STICKER MAKER
• Discover 60M+ stickers.
• Add stickers to pictures or business promos.
• Create custom stickers.

TELL YOUR STORY IN TEXT
• Add text with the Picsart Text Editor.
• Discover hundreds of classic & trendy fonts.
• Customize text styles.

CREATE COLLAGE MAGIC (COLLAGE MAKER)
• Create fun photo collages with your favorite photos.
• Try photo grid collage or freestyle collage for mood boards and frames.

DISCOVER ENDLESS INSPIRATION
From solopreneurs to graphic design enthusiasts, AI art pioneers, and photo editors — share your ideas and get inspiration for your next project with Picsart Spaces.

UPGRADE YOUR DESIGN EXPERIENCE
Picsart Plus: premium content, templates, and extra retouch features.
Picsart Pro: more AI tools, extra team seats for small businesses, and more storage space.

Terms and conditions: https://picsart.com/terms-and-conditions
About Ads: https://picsart.com/privacy-policy#interest-base",,,,24,Take better photos,3,,
play.google.com,2026-09-22T09:50:58.689001+00:00,https://play.google.com/store/apps/details?id=com.camerasideas.instashot&hl=en&gl=US,com.camerasideas.instashot,Video Editor & Maker - InShot,InShot Video Editor,0.0,USD,,,4.8,,True,https://play-lh.googleusercontent.com/SwG0XbEyZC-fh5codVCcC1c-Vw6G-Ap7BDLPO5LYgeGPaYYBzPFcGgfIllbo-uS63gB2hPbFCFEb-YB4bW5OEg,Photography,listing,1,4,US,en,,,"500,000,000+",500000000,,Everyone,$0.99 - $199.99 per item,True,4.840783,,,,,,,,,"InShot - Powerful all-in-one Video Editor and Video Maker with professional features. Add music, text, transition effects for videos, make smooth slow motion, make video collage, blur background and etc! As an easy-to-use editing app, InShot makes creating vlogs a breeze and helps you to become an influencer on YouTube, Instagram, TikTok, WhatsApp, Facebook, etc.

InShot is also a photo editor and collage maker. Edit pictures and selfie, remove bg, add filters, adjust HSL, etc. Make stylish Instagram story covers and posts.

Features:

AI Tool
- AI Body Effects. Experience the magic of AI with instant presets that elevate your images and videos in just one tap.
- Auto Captions. AI-powered speech-to-text tool helps you say goodbye to manual text typing and makes video editing effortless.
- AI Speech. An instant text-to-speech tool with muti languages supports and various voice styles.
- Auto Remove Background. Remove background of videos/photos at the touch of a button.
- Smart tracking. Make stickers/text move seamlessly in sync with your tracking object motion, adding dynamic flair to your videos.
- Smooth slow-mo. Experience seamless slow-motion effects for buttery smooth videos.

Full-featured Video Editing
- Trim/Merge clips. Combine and compress video without losing quality.
- Reverse videos.
- Add text, emoji and InShot exclusive stickers.
- Add music, sound effects & voice-overs.
- Add various-styles voice effects.
- Adjust ratio. Fit your video and photo in any aspect ratio.
- Speed control. Speed up/slow down video. Add speed ramping.
- Keyframes editing. Add custome keyframe animations.
- Chromakey. Easily edit green screen video.
- Picture-in-Picture. Create multi-layered videos.
- Mixtures. Blend your video with blend mode.
- Color picker. Pick any color on the screen and apply it to the background/text.

Filters, Effects & Transitions
- Lots of cinematic filters.
- Adjust video brightness, contrast, saturation, etc. Customized video filters and video effects.
- Unique effects such as Glitch, Fade, Noise, Beats, Weather, Retro DV, celebrate, etc.
- AI effects. Clone, stroke, auto-blur, etc.
- Pro editing app with super transitions. Combine two clips with transition effects.

Photo Editor & Collage Maker
* Blur the background easily.
* 1000+ stickers, memes, texts & backgrounds.
* Turn blurry photos into HD with AI Photo Enhancer.
* Remove unwanted objects effortlessly.
* AI Flash & Backlight. Use AI Light to brighten your portraits like a pro.
* Easy-to-use photo grid collage maker. Up to 20 photos & 100+ highly editable layouts.
* Beyond Grid: Explore Freestyle, AI Blend & Pic Stitch collage modes.

Canvas & Background
- Choose from various background patterns or upload your own pictures.
- Adjust video ratios for Instagram/TikTok/Youtube post.

Easy to Share
- Custom video export resolution, HD pro video editor support 4K 60fps export.
- Share your daily life on social media: Instagram Reels, TikTok, Whatsapp Status, YouTube Shorts, etc.

InShot is an editing app for videos and photos. With InShot - video maker with music, you can easily make basic video and even advanced assets like video collage, smooth slow motion, stop motion, reverse video and more. Share your vlogs to social media to get more likes, or edit video with music and pic for TikTok.

Any questions for InShot (FREE slow motion video editor with music & photo slideshow maker)? Please contact us at inshot.android@inshot.com

For more new feature tutorials and advanced video editing tips, please subscribe to our YouTube channel: https://www.youtube.com/@InShotApp

Disclaimer:
InShot is not affiliated, associated, sponsored, endorsed by, or in any way officially connected with YouTube, Instagram, TikTok, WhatsApp, Facebook, Twitter.",,,,15,Take better photos,4,,
play.google.com,2026-09-22T09:50:58.689136+00:00,https://play.google.com/store/apps/details?id=com.adobe.lrmobile&hl=en&gl=US,com.adobe.lrmobile,Lightroom Photo & Video Editor,Adobe,0.0,USD,,,4.5,,True,https://play-lh.googleusercontent.com/ALv_YzwUQTXc17qvu2oy7JTl8Qn-zm22M4FoZKVv2Ru541nDa2EltKPSlv_KyQGacLdpHLotR9Z98bamyEd9rKc,Photography,listing,1,5,US,en,,,"100,000,000+",100000000,,Everyone,$0.49 - $499.99 per item,True,4.470155,,,,,,,,,"Ever wish your photos could really show what makes a moment special? Adobe Lightroom is a free photo and video editor that helps you do just that. From your dog’s goofy grin to that sunset that took your breath away, Adobe Lightroom makes it simple to bring those moments to life, just the way you see them.

Whether you’re snapping pics on the go or curating your social feed, Lightroom puts powerful AI photo tools in your pocket to make quick edits easy and fun. The Adobe Lightroom photo editor app is here to help you create photos you’re proud to share.

AI PHOTO EDITOR & NEW FILM FILTER PRESETS THAT SET YOUR PICTURE APART
Want brighter colors? Softer, blurry backgrounds? A quick touch-up to crop and resize a photo? Adobe Lightroom’s one-tap features like Quick Actions and Adaptive Presets let you enhance photo quality in seconds. Try our new film filter presets to match your vintage aesthetic. Our AI photo editor tools suggest the best edits for your images. Perfect for quick fixes or adding a unique vibe, no experience required. Use it as your go-to picture editor.

EDIT PHOTOS, REMOVE DISTRACTIONS, & BLUR BACKGROUND
Adobe Lightroom photo editor gives you access to tools that feel professional but stay approachable. Blur the photo background for a polished look, adjust the finer details, or use Generative Remove as an AI photo editor to erase objects within your photos.

POWERFUL EDITS WITH ZERO HASSLE
Edit photos easily by tweaking exposure, highlights, and shadows. Fix photos with new film filter presets, unique photo effects, color grading, hue, saturation, or add a blurry bokeh effect to nail the perfect vibe. Edit photos with your creative control while keeping it simple.

GET INSPIRATION FROM THE COMMUNITY
Not sure where to start? Browse photo presets shared by creators around the world. From vintage film filter photo effects to applying a retro photo filter, Adobe Lightroom has the presets to match your aesthetic. Whether you’re looking to make bold edits with AI photo editor tools or subtle tweaks for polished portrait edits, find a look that matches your style — or create your own. Save your favorites and make every photo feel like you.

EDIT ONCE, APPLY EVERYWHERE
Snapped a whole concert, travel day, or family gathering? Use Lightroom’s AI photo editor tools to fix photos in batches to keep your photo edits looking consistent.

WHY ADOBE LIGHTROOM?
• Edit photos for every moment: whether editing photos for fun, capturing memories, gaining confidence, or sharing on social media.
• Flexible picture editor: Our photo editor is beginner-friendly and grows with you to strengthen your editing skills. Fix photos, crop and resize images, blur background elements, or remove distractions.
• User-friendly AI photo editor designed to help build confidence, spark creativity, and showcase your authentic style.

PICTURE EDITOR TOOLS YOU'LL LOVE
• Quick Action photo editor: Fix photos with suggested edits tailored to your pics.
• Preset Edits: Discover filters or make your own signature look. Try our NEW film filter presets to match your cinematic style.
• Background Blur: Create depth with a blurry background effortlessly.
• Generative Remove Edits: Take out the things you didn’t want with this AI photo eraser.
• Video Editing: Bring the same creative energy to your clips with tools for light, color, and presets.

FOR EVERY KIND OF PHOTOGRAPHER
Photo editing has never been easier. Lightroom is here to empower you - to capture sunsets, family moments, or your latest foodie find. With tools to fix pictures, enhance photo quality, and edit videos, Adobe Lightroom gives you the right balance of ease and control.

Download Adobe Lightroom today.

Terms & Conditions:
Your use of this application is governed by the Adobe General Terms of Use http://www.adobe.com/go/terms_en and the Adobe Privacy Policy http://www.adobe.com/go/privacy_policy_en

Do not sell or share my personal information www.adobe.com/go/ca-rights",,,,23,Take better photos,5,,
play.google.com,2026-09-22T09:50:58.689248+00:00,https://play.google.com/store/apps/details?id=com.pixverseai.pixverse&hl=en&gl=US,com.pixverseai.pixverse,PixVerse: AI Video Generator,PixVerse,0.0,USD,,,4.5,,True,https://play-lh.googleusercontent.com/WcUFHFkARZNE3sSNWv9-kqFRnqMq3C1WOZp9MmjtubUyO9sTEJ22U8nGSQlnCPTItznaDiEHcUV4IfTMyjw_,Photography,listing,1,6,US,en,,,"50,000,000+",50000000,,Teen,$3.99 - $599.99 per item,True,4.4744267,,,,,,,,,"PixVerse is an all-in-one AI creation app powered by PixVerse V6, with access to a range of leading external models to support more creative needs.
Create AI images and videos from text or photos, explore trending effects, make talking avatars, enhance visuals, generate music videos, add sound effects, and more.

🚀 AI Video and Image Creation Tools
• Text-to-Image: Create high-quality AI images from text prompts, including characters, scenes, styles, products, and creative concepts.
• Text-to-Video: Turn prompts into cinematic videos in different styles with PixVerse V6 and other advanced AI models.
• Image-to-Video: Animate photos and transform still images into dynamic videos.
• AI Templates: Start fast with trending templates for dance, transformations, product promos, social media videos, and more.
• Modify Video: Edit selected parts of a video using references such as images, clips, or modes.
• Upscale: Enhance images and videos to clearer, higher-resolution quality, with video upscaling support up to 4K Ultra HD.
• Motion Control: Upload a character image and a reference motion video to guide character movement.
• Transition: Connect the first and last frames of a video with a smooth AI-generated transition.
• Endless Video Extension: Continue your video by describing the next scene.
• Reference: Upload multiple reference images to guide video generation for characters, objects, scenes, and styles.

🎵 AI Audio and Avatar Tools
• Lip-Sync: Upload a character, type dialogue or upload an audio file, and create a talking AI avatar with natural lip-sync.
• Vibe MV: Upload music to create an AI music video with a custom character, style, lip-sync, and optional subtitles.
• Sound Effect Generator: Upload a video and describe the sound effect you want to blend into the scene.

🖼 AI Image Editing Tools
• Image Edit: Upgrade your photos with powerful AI editing. Upscale images for ultra-clear quality, erase unwanted areas with a brush, remove passersby or backgrounds in one tap, replace backgrounds instantly, and enhance colors and lighting for a more polished, professional look.

🔥 Trending AI Video Effects & Templates
• AI Dance: Create AI dance videos with trending dance styles, viral moves, and classic choreography.
• Transformation Series: Turn photos into dramatic new scenes and identities, including muscle looks, mech suits, red carpet moments, and luxury car shots.
• Beauty and Glamour Series: Create beauty, fashion, and portrait looks with runway styles, angel wings, cinematic rain or mist, and black-and-white portraits.
• Miniature World Series: Turn photos into tiny characters and playful miniature scenes.
• Style Transfer: Redraw photos in different art styles, including fashion illustration, anime-inspired looks, sketches, comics, watercolor, and more.

✅ Supported Models
PixVerse supports PixVerse V6 and selected third-party models for image and video creation. Available models include Qwen-Image, GPT Image 2, Nano Banana, Seedream, Kling, Seedance 2.0, Grok Image, Happy Horse, Veo, and Sora. Model availability may vary by feature, region, and app version.

✨ Why Choose PixVerse?
• Fast Creation: Generate HD results in seconds.
• Realistic Motion: Create expressive movement and cinematic visual effects.
• Easy to Use: No technical skills required.
• All-in-One Workflow: Create images, videos, AI templates, talking avatars, music MVs, sound effects, and image edits in one app.

Join millions of creators worldwide and redefine storytelling with PixVerse.
Download now – where imagination becomes reality!

Continue your creative journey with PixVerse across platforms:
🛠 Official Hub: https://app.pixverse.ai
💡 API Integration: https://platform.pixverse.ai",,,,24,Take better photos,6,,
play.google.com,2026-09-22T09:50:58.689336+00:00,https://play.google.com/store/apps/details?id=com.niksoftware.snapseed&hl=en&gl=US,com.niksoftware.snapseed,Snapseed,Google LLC,0.0,USD,,,4.8,,True,https://play-lh.googleusercontent.com/w7o-_yhpqhfsGMrrdYYhgAA7LxiX8yAO-CG_6FGEraUDKGGlXDEDNf_RFtr5f7OJxLVa3dRcPf4WRl8k8ez7,Photography,listing,1,7,US,en,,,"100,000,000+",100000000,,Everyone,,,4.8088236,,,,,,,,,"Snapseed is a complete and professional photo editor developed by Google. Pro-level tools, authentic film simulations, smart masking and more — all with no strings attached.

== KEY FEATURES ==

• No Strings Attached: Get 30+ pro tools and filters - no subscriptions, purchases, ads, or watermarks
• Vintage Styles: realistic film filters, plus Halation, Bloom, and Grain tools
• Smart Masking: Instantly and intelligently isolate subjects or backgrounds with a single tap for fast, targeted edits
• Batch Editing: Quickly apply your favorite looks and edits to multiple photos
• Snapseed Camera: Capture using custom styles or film looks. Save time with real-time effects that can be edited or reset later
• Non-destructive Editing: Easily undo changes or revert to your original photo at any time
• RAW Support: Open and edit JPG and RAW files with precise control

== PRO TOOLS & FILTERS ==

• Snapseed Camera – shoot directly in your favorite film simulations or custom looks to capture your unique style in real-time and skip the editing step
• Adjust – adjust exposure and color automatically or manually with fine, precise control
• One-Touch Masking – instantly select subjects or backgrounds with smart precision for seamless targeted edits
• Selective – precisely adjust brightness, contrast, or saturation in specific areas without affecting the rest of your photo
• Healing – remove the uninvited neighbor from a group picture
• Film – get beautiful looks with our completely updated, realistic film simulations of historic film stocks
• Batch Edit – apply your custom looks and edits to an entire batch of photos instantly
• Halation – add an authentic highlight glow to replicate classic analog lens effects
• Bloom – create a soft, dreamy optical diffusion to light sources for a cinematic finish
• RAW Develop – open and tweak some RAW file types
• Double Exposure - combine two photos using blend modes inspired by film and digital processing
• Portrait – modern tools to quickly enhance lighting, adjust poses, and refine facial features
• Details – magically brings out surface structures in images
• Crop and rotate – crop to standard sizes, rotate by 90°, or straighten a skewed horizon
• Perspective – fix skewed lines and perfect the geometry of horizons or buildings
• White Balance – adjust the colors so that the image looks more natural
• Brush – selectively retouch exposure, saturation, brightness or warmth
• Vignette – darken image corners for a classic photographic effect
• Curves - have precise control over the brightness levels in your photos
• Color HSL – precisely adjust hue, saturation, and luminance of any color
• Dehaze – instantly clear haze, fog, or glare for better contrast and detail
• Expand - increase the size of your canvas
• Lens Blur – add a beautiful Bokeh to images (background softening)
• Glamour Glow – add a fine glow to images, great for fashion or portraits
• Tonal Contrast – boost details selectively in the shadows, midtones and highlights
• Black & White – classic Black and White look straight out of the darkroom
• and more!",,,,8,Take better photos,7,,
play.google.com,2026-09-22T09:50:58.689419+00:00,https://play.google.com/store/apps/details?id=io.faceapp&hl=en&gl=US,io.faceapp,FaceApp: Perfect Face Editor,FaceApp Technology Ltd,0.0,USD,,,4.3,,True,https://play-lh.googleusercontent.com/GwwgltdU8_EgQKU_O8d6AFATk4p_yK_c4kX-u8k30wVdSB7DtsvJVpsLxTR8z-CNwaVa99BVJSNU5HjF70EEWW0,Photography,listing,1,8,US,en,,,"500,000,000+",500000000,,Everyone,$4.99 - $99.99 per item,True,4.311325,,,,,,,,,"FaceApp is one of the best mobile apps for photorealistic editing. Turn your selfie into a modeling portrait using one of the most popular apps, with over a billion downloads to date. FaceApp gives you everything you need to create Instagram-worthy edits. No more extra tapping on your screen!

Use a fantastic set of face filters, effects, backgrounds, and other tools to create a seamless and photorealistic edit in ONE TAP. You will never have to spend hours photoshopping again!

More than 60 highly photorealistic filters

PHOTO EDITOR

• Perfect your selfies with Impression filters 🤩
• Add a beard or mustache 🧔
• Change your hair color and hairstyle 💇💇‍♂️
• Add volume to your hair
• Try hot & trendy makeup filters 💄
• Use creative light effects
• Remove acne and blemishes
• Smooth wrinkles
• Easily enlarge or minimize facial features
• Try out the color lens
• Easy Compare tool at every step to compare before & after
• Total control of temperature, saturation, and more

HAVE FUN

• Gender Swap: See what you'd look like as a different gender
• Let FaceApp find your best hairstyle and color
• Aging: try our popular Old & Young filters 👴👵👶
• Borrow your favorite style from different photos
• Try weight filters: get bigger or smaller
• And many more fun filters!

READY TO SHARE?

Share your FaceApp edits directly to your favorite social media accounts

FaceApp is one of the best, easy-to-use, selfie and portrait, photorealistic editors. It makes every photo 100% perfect to stop your followers mid-scroll. Share your enhanced photos with everyone you know and stay on top of the latest beauty trends!

Tag us with #FaceApp on social media for a chance to get featured on our official pages!

Privacy Policy
https://www.faceapp.com/privacy

Terms of Use
https://www.faceapp.com/terms

Online Tracking Opt-Out Guide
https://www.faceapp.com/online-tracking-opt-out-guide",,,,8,Take better photos,8,,
play.google.com,2026-09-22T09:50:58.689538+00:00,https://play.google.com/store/apps/details?id=com.commsource.beautyplus&hl=en&gl=US,com.commsource.beautyplus,BeautyPlus-Selfie Photo Editor,PIXOCIAL TECHNOLOGY (SINGAPORE) PTE. LTD.,0.0,USD,,,4.5,,True,https://play-lh.googleusercontent.com/tcleHS-xGVt8IdfSeAT-fej25ZFLC8rdL-FnSWIviWiakUWQxF-HfcBC223YK327C06DOaDxJ3CyNyF-PgS5_Q,Photography,listing,1,9,US,en,,,"500,000,000+",500000000,,Everyone,$0.10 - $99.99 per item,True,4.5415955,,,,,,,,,"- Beauty cam and photo editor app trusted by 800 million users worldwide
- Create sweet selfies EVERY time with our makeup filters and face editor
- 50+ easy to use editing tools, delivering stunning, natural results for your beautiful photos

🤩 Enjoy the best face app & makeup filters for sweet selfies
- The best beauty cam to snap, retouch and face tune selfies
- Film Cam: Enjoy vintage camera feature inspired by classic analog photography! Our vintage camera brings the authentic feel of film to your phone. It offers 6 unique vintage camera models, each with its own style and optional filters and stickers. Just one tap to capture retro-style photos or videos full of nostalgic charm with the vintage camera!
- HD Retouch for a natural, stunning result in just one tap
- Snap beautiful selfies and photos with HD camera
- Remove acne, blemish and dark circles, and smooth out body wrinkles to achieve a flawless look
- Experiment with the hair color changer to try different hair colors easily
- Brighten your smile with the teeth whitener
- Enhance your natural beauty with the makeup editor — including lipstick, eyebrows, and more

🌟 Create incredible pics art with AI tools
- Cartoon yourself in seconds with AI Anime camera or Anime Filter
- Transform your selfies into stunning, otherworldly versions of yourself with AI Avatars
- Effortlessly remove unwanted people or objects from your photos using AI technology

❤️ Achieve your dream look with Body Editor
- Enhance your height with the Height Adjustment Tool
- Sculpt your waist, arms, face, bust, and more for your ideal body shape using the Body Editor
- Discover a wide range of skin tone options to enhance your look with BeautyPlus

🎉 Easily edit photos with a powerful Photo Editor
- Add text to photos with 300+ designer fonts
- Add fun stickers to your photos — or create your own!
- Use the filter camera to add style and flair to your photos
- Adjust brightness, contrast, and colors to give your photos the perfect look

⚡Boost photo quality with the Photo Enhancer
- Improve photo quality with our advanced enhancer
- Restore old, faded photos to life with the photo enhancer
- Unblur and sharpen photos for a clearer, more striking look

👌 Effortlessly edit backgrounds with the Background Eraser & Editor
- The best background eraser to remove backgrounds and create transparent images
- Change backgrounds to give your photos a fresh, new look
- Instantly blur backgrounds with our easy-to-use blur tool
- Crop your photos to focus on the subject

🎵 Unleash your creativity with the Video Editor
- Add music to your videos
- Apply filters to enhance your videos
- Use the face tune editor to perfect your appearance in videos

Download BeautyPlus now — the world’s premier AI-powered photo and video editor! 💪
No need to download a separate beauty cam or face app for sweet selfies. It’s free and offers an all-in-one editing experience for photos and videos.

💎 Premium Perks
- 100% Ad-Free Experience
- Unlock 50+ Premium Features, 1000+ Exclusive Filters, Makeup Looks, Templates, Stickers & More!

😍 Play with the makeup editor, experiment with Anime filters, add stickers, erase or blur backgrounds, and create stunning photos and videos! Share your masterpieces directly from BeautyPlus on popular social media platforms like Facebook, Instagram, Twitter, TikTok, and Snapchat!

👇 Share your sweet selfies, beautiful pictures, or feedback with us!
- Instagram: https://www.instagram.com/beautyplusapp/
- Facebook: https://www.facebook.com/BeautyPlus
- Support: support@beautyplus.com
- https://www.beautyplus.com/

Terms of Service:
https://h5.mr.pixocial.com/agreement/beautyPlus/#agreements
Privacy Policy:
https://h5.mr.pixocial.com/agreement/beautyPlus/#/privacy",,,,5,Take better photos,9,,
play.google.com,2026-09-22T09:50:58.689668+00:00,https://play.google.com/store/apps/details?id=ai.video.generator&hl=en&gl=US,ai.video.generator,AI Video - AI Video Generator,HubX,0.0,USD,,,4.6,,True,https://play-lh.googleusercontent.com/M4ngNN-Cv6rGKiClJAdA_WWIyknYODLVJwBd7BhEoaIyxUDGI-Xh3P8tgQtskZd39Ip10viJA3j9xzy8zAq4,Photography,listing,1,10,US,en,,,"10,000,000+",10000000,,Teen,$2.99 - $69.99 per item,True,4.580988,,,,,,,,,"From a simple prompt to a scroll-stopping video in seconds. Perfect for creators, marketers, entrepreneurs, and storytellers. Trusted by millions of creators worldwide and built with privacy-first principles, AI Video helps you create, edit, and share videos for TikTok, Instagram Reels, YouTube Shorts, and more.

Want to turn a text prompt into a video?
Simply describe a scene, write a script, or enter an idea. AI Video transforms your words into engaging videos with realistic motion, dynamic visuals, and share-ready content. Whether you're creating social media videos, marketing content, educational clips, or storytelling videos, AI Video helps bring your ideas to life.

AI Video Generator is built on third-party AI models including Nano Banana, Seedance, Hailuo, Kling 2.1 Master, Google Veo 3.1 and PixVerse 5. This app is not affiliated with, endorsed by, or sponsored by any of these providers. All trademarks, service marks, and brand names belong to their respective owners.
Need to animate a photo?

Upload a single image and transform it into a dynamic video with AI photo-to-video and image-to-video technology. Create cinematic animations, viral social content, character-driven videos, and eye-catching visual stories without complex editing tools.

Looking for a faster way to create videos for TikTok, Reels, or Shorts?
AI Video helps you generate short-form content optimized for today's most popular platforms. Create videos faster, test new ideas, and publish more content with less effort.

🚀 WHAT IT DOES
AI Video helps you create professional videos with powerful AI tools:
• Text to Video generation from prompts, scripts, and ideas
• Photo to Video creation from images and portraits
• AI-powered video storytelling and scene generation
• AI Reel Maker for short-form content
• AI Movie Maker for cinematic videos
• Character animation with expressive facial emotions
• Voiceovers and automatic lip-sync
• Video transitions, timing controls, and scene customization
• Creative styles, filters, and visual effects
• HD video exports ready for social media

⚡ WHY IT'S EASY
You don't need professional editing experience.
Create videos in three simple steps:
1️⃣ Write a prompt, upload a photo, or describe a scene
2️⃣ Choose a style and generate your video
3️⃣ Edit, export, and share instantly
One-tap generation. Guided creation flow. Instant previews.
No complicated timelines. No steep learning curve. Just intuitive AI video tools designed for modern creators.

✨ FEATURES THAT HELP YOU CREATE MORE
• Generate videos from simple prompts
• Turn static images into animated videos
• Create viral-ready content faster
• Produce videos without advanced editing skills
• Experiment with different visual styles
• Build content for marketing, education, storytelling, and entertainment
• Save time with one-tap AI video generation
• Export professional-quality videos in minutes

🎯 WHO IS AI VIDEO FOR?
• Content creators publishing on TikTok, Instagram, and YouTube
• Small businesses creating marketing videos
• Social media managers producing content at scale
• Educators building engaging learning materials
• Storytellers and filmmakers exploring new creative formats
• Entrepreneurs creating product and brand videos

🔐 TRUST, SECURITY & PRIVACY
Trusted by creators worldwide, AI Video is built with privacy and transparency in mind.

• Secure video generation workflows
• Encrypted systems and controlled internal access
• No unnecessary tracking
• GDPR and CCPA-aligned privacy practices
Privacy Policy: https://aivideoart.co/privacy
Terms of Use: https://aivideoart.co/terms
Support: info@aivideoart.co

🌐 WORKS WITH YOUR CREATIVE WORKFLOW
AI Video works seamlessly with the platforms creators use every day.
• Export videos for TikTok, Instagram Reels, YouTube Shorts
• HD MP4 video output
• Mobile-first creation experience
Download AI Video today and turn text prompts, photos, and ideas into professional AI-powered videos in minutes.",,,,24,Take better photos,10,,
